{
  "latencies": [
    0.04241347312927246,
    0.04176902770996094,
    0.03378868103027344,
    0.06585025787353516,
    0.031137943267822266
  ],
  "avg": 0.04299187660217285
}